{
  "name": "dion_beta_0.0",
  "variant": "stripped_dion",
  "rank": 64,
  "beta": 0.0,
  "mu": 0.0,
  "final_val_loss": 4.290611815452576,
  "final_val_ppl": 73.01112417170292,
  "best_val_loss": 4.2907328605651855,
  "total_steps": 30000,
  "total_time_s": 2567.5204513072968
}