{
  "name": "modewise_per_mode_colnorm",
  "variant": "modewise_beta",
  "rank": 64,
  "beta": 0.3,
  "mu": 0.0,
  "final_val_loss": 4.088904452323914,
  "final_val_ppl": 59.67447964217775,
  "best_val_loss": 4.090340344111125,
  "total_steps": 30000,
  "total_time_s": 2489.7828114032745
}