{
  "run_name": "wrn28_4_muon_cifar100_seed42",
  "model": "wrn-28-4",
  "optimizer": "muon",
  "dataset": "cifar100",
  "seed": 42,
  "total_params": 5872180,
  "matrix_params": 5864880,
  "best_val_acc": 78.85,
  "final_val_loss": 0.9457292505264282,
  "final_val_acc": 78.72,
  "total_time_sec": 3926.2933302056044,
  "avg_epoch_time_sec": 39.26293330205604,
  "peak_mem_mb": 1052.582912,
  "epochs": 100
}