{
  "run_name": "wrn28_4_adadion_cifar100_seed42",
  "model": "wrn-28-4",
  "optimizer": "adadion",
  "dataset": "cifar100",
  "seed": 42,
  "total_params": 5872180,
  "matrix_params": 5864880,
  "best_val_acc": 81.27,
  "final_val_loss": 0.8084864882469177,
  "final_val_acc": 81.27,
  "total_time_sec": 3700.1729344222695,
  "avg_epoch_time_sec": 37.001729344222696,
  "peak_mem_mb": 1054.34624,
  "epochs": 100
}