{
  "name": "orth_dion_beta_0.3",
  "variant": "orth_dion",
  "rank": 64,
  "beta": 0.3,
  "mu": 0.0,
  "final_val_loss": 5.235291544596354,
  "final_val_ppl": 187.78384572983026,
  "best_val_loss": 5.188957420984904,
  "total_steps": 30000,
  "total_time_s": 2684.127870798111
}