{
  "name": "modewise_per_mode_orth",
  "variant": "modewise_beta",
  "rank": 64,
  "beta": 0.3,
  "mu": 0.0,
  "final_val_loss": 5.2147727330525715,
  "final_val_ppl": 183.9700059265715,
  "best_val_loss": 5.210438283284505,
  "total_steps": 30000,
  "total_time_s": 2689.8405632972717
}