{
  "name": "dion_beta_0.5",
  "variant": "stripped_dion",
  "rank": 64,
  "beta": 0.5,
  "mu": 0.0,
  "final_val_loss": 3.405308413505554,
  "final_val_ppl": 30.123584811795723,
  "best_val_loss": 3.4043812274932863,
  "total_steps": 30000,
  "total_time_s": 2552.6746819019318
}