{
  "run_name": "wrn28_10_adamw_cifar10_seed42",
  "model": "wrn-28-10",
  "optimizer": "adamw",
  "dataset": "cifar10",
  "seed": 42,
  "total_params": 36479194,
  "matrix_params": 36461232,
  "best_val_acc": 96.50999999999999,
  "final_val_loss": 0.2019197479724884,
  "final_val_acc": 96.37,
  "total_time_sec": 6254.382709039375,
  "avg_epoch_time_sec": 62.543827090393755,
  "peak_mem_mb": 2904.473088,
  "epochs": 100
}