{
  "name": "orth_dion_beta_1.0",
  "variant": "orth_dion",
  "rank": 64,
  "beta": 1.0,
  "mu": 0.0,
  "final_val_loss": 5.221425787607829,
  "final_val_ppl": 185.19804900156936,
  "best_val_loss": 5.224256642659506,
  "total_steps": 30000,
  "total_time_s": 2671.635372877121
}