{
  "run_name": "wrn28_10_dion_cifar10_seed42",
  "model": "wrn-28-10",
  "optimizer": "dion",
  "dataset": "cifar10",
  "seed": 42,
  "total_params": 36479194,
  "matrix_params": 36461232,
  "best_val_acc": 96.67999999999999,
  "final_val_loss": 0.19605251960754394,
  "final_val_acc": 96.57,
  "total_time_sec": 7300.3834694819525,
  "avg_epoch_time_sec": 73.00383469481953,
  "peak_mem_mb": 2762.865152,
  "epochs": 100
}