{
  "name": "soft_isometry_normalized_beta_0.3",
  "variant": "soft_isometry",
  "rank": 64,
  "beta": 0.3,
  "mu": 0.0,
  "final_val_loss": 5.282984972000122,
  "final_val_ppl": 196.9569096359659,
  "best_val_loss": 5.280319770177205,
  "total_steps": 30000,
  "total_time_s": 2708.7997057437897
}