{
  "run_name": "wrn28_10_muon_cifar100_seed42",
  "model": "wrn-28-10",
  "optimizer": "muon",
  "dataset": "cifar100",
  "seed": 42,
  "total_params": 36536884,
  "matrix_params": 36518832,
  "best_val_acc": 81.78,
  "final_val_loss": 0.921013240146637,
  "final_val_acc": 81.69,
  "total_time_sec": 20371.65599384904,
  "avg_epoch_time_sec": 203.71655993849038,
  "peak_mem_mb": 2759.176704,
  "epochs": 100
}