{
  "run_name": "wrn28_10_adamw_cifar100_seed42",
  "model": "wrn-28-10",
  "optimizer": "adamw",
  "dataset": "cifar100",
  "seed": 42,
  "total_params": 36536884,
  "matrix_params": 36518832,
  "best_val_acc": 81.46,
  "final_val_loss": 0.8245010763168334,
  "final_val_acc": 81.41000000000001,
  "total_time_sec": 6238.68817269057,
  "avg_epoch_time_sec": 62.386881726905706,
  "peak_mem_mb": 2905.440768,
  "epochs": 100
}