{
  "dion_beta_0.0": {
    "name": "dion_beta_0.0",
    "variant": "stripped_dion",
    "rank": 64,
    "beta": 0.0,
    "mu": 0.0,
    "final_val_loss": 4.290611815452576,
    "final_val_ppl": 73.01112417170292,
    "best_val_loss": 4.2907328605651855,
    "total_steps": 30000,
    "total_time_s": 2567.5204513072968
  },
  "dion_beta_0.3": {
    "name": "dion_beta_0.3",
    "variant": "stripped_dion",
    "rank": 64,
    "beta": 0.3,
    "mu": 0.0,
    "final_val_loss": 3.306371259689331,
    "final_val_ppl": 27.285932045629043,
    "best_val_loss": 3.3051544427871704,
    "total_steps": 30000,
    "total_time_s": 2554.2508249282837
  },
  "dion_beta_0.5": {
    "name": "dion_beta_0.5",
    "variant": "stripped_dion",
    "rank": 64,
    "beta": 0.5,
    "mu": 0.0,
    "final_val_loss": 3.405308413505554,
    "final_val_ppl": 30.123584811795723,
    "best_val_loss": 3.4043812274932863,
    "total_steps": 30000,
    "total_time_s": 2552.6746819019318
  },
  "dion_beta_0.7": {
    "name": "dion_beta_0.7",
    "variant": "stripped_dion",
    "rank": 64,
    "beta": 0.7,
    "mu": 0.0,
    "final_val_loss": 3.662011241912842,
    "final_val_ppl": 38.93958108451797,
    "best_val_loss": 3.6600294510523477,
    "total_steps": 30000,
    "total_time_s": 2553.1436331272125
  },
  "dion_beta_1.0": {
    "name": "dion_beta_1.0",
    "variant": "stripped_dion",
    "rank": 64,
    "beta": 1.0,
    "mu": 0.0,
    "final_val_loss": 3.7127260049184163,
    "final_val_ppl": 40.96532613696205,
    "best_val_loss": 3.7108707745869953,
    "total_steps": 30000,
    "total_time_s": 2551.6067473888397
  },
  "polyak_mu_0.95": {
    "error": "PolyakDion.__init__() got an unexpected keyword argument 'beta'"
  }
}