{
  "name": "dion_beta_1.0",
  "variant": "stripped_dion",
  "rank": 64,
  "beta": 1.0,
  "mu": 0.0,
  "final_val_loss": 3.7127260049184163,
  "final_val_ppl": 40.96532613696205,
  "best_val_loss": 3.7108707745869953,
  "total_steps": 30000,
  "total_time_s": 2551.6067473888397
}