{
  "run_name": "wrn28_2_adadion_cifar10_seed42",
  "model": "wrn-28-2",
  "optimizer": "adadion",
  "dataset": "cifar10",
  "seed": 42,
  "total_params": 1467610,
  "matrix_params": 1463984,
  "best_val_acc": 95.66,
  "final_val_loss": 0.2081929404258728,
  "final_val_acc": 95.63000000000001,
  "total_time_sec": 3366.372175701894,
  "avg_epoch_time_sec": 33.66372175701894,
  "peak_mem_mb": 531.746304,
  "epochs": 100
}